Metro URL,Name
https://upload.wikimedia.org/wikipedia/en/thumb/a/ab/Metroalger.svg/113px-Metroalger.svg.png,Algiers Metro
https://upload.wikimedia.org/wikipedia/commons/thumb/b/bf/Subte-logo.svg/150px-Subte-logo.svg.png,Buenos Aires Underground
https://upload.wikimedia.org/wikipedia/commons/thumb/8/8f/Yerevan_Metro.svg/180px-Yerevan_Metro.svg.png,Yerevan Metro
https://upload.wikimedia.org/wikipedia/commons/thumb/8/89/TfNSW_M.svg/150px-TfNSW_M.svg.png,Sydney Metro
https://upload.wikimedia.org/wikipedia/commons/thumb/1/16/U-Bahn_Wien.svg/90px-U-Bahn_Wien.svg.png,Vienna U-Bahn
https://upload.wikimedia.org/wikipedia/commons/thumb/c/cd/Baku_metro_logo.svg/180px-Baku_metro_logo.svg.png,Baku Metro
https://upload.wikimedia.org/wikipedia/en/thumb/b/b8/Dhaka_Mass_Transit_Company_Limited_logo.svg/135px-Dhaka_Mass_Transit_Company_Limited_logo.svg.png,Dhaka Metro Rail
https://upload.wikimedia.org/wikipedia/commons/thumb/2/26/Minsk_metro_logo.svg/180px-Minsk_metro_logo.svg.png,Minsk Metro
https://upload.wikimedia.org/wikipedia/commons/thumb/4/49/Brussels_Metro_Logo.svg/113px-Brussels_Metro_Logo.svg.png,Brussels Metro
https://upload.wikimedia.org/wikipedia/commons/3/3e/Metr%C3%B4_Logo_V2.png,Belo Horizonte Metro
https://upload.wikimedia.org/wikipedia/commons/thumb/b/b2/Metr%C3%B4-DF_logo.jpg/150px-Metr%C3%B4-DF_logo.jpg,Federal District Metro
https://upload.wikimedia.org/wikipedia/commons/thumb/5/5c/Logo_Metrofor.svg/375px-Logo_Metrofor.svg.png,Fortaleza Metro
https://upload.wikimedia.org/wikipedia/commons/thumb/a/a7/Trensurb_-_logo.png/225px-Trensurb_-_logo.png,Porto Alegre Metro
https://upload.wikimedia.org/wikipedia/commons/thumb/a/aa/CBTU_Logo.svg/300px-CBTU_Logo.svg.png,Recife Metro
https://upload.wikimedia.org/wikipedia/commons/thumb/1/1c/Logo_MetroRio.svg/75px-Logo_MetroRio.svg.png,Rio de Janeiro Metro
https://upload.wikimedia.org/wikipedia/commons/c/cc/CCR_Metr%C3%B4_Bahia.png,Salvador Metro
https://upload.wikimedia.org/wikipedia/commons/thumb/d/d7/Metr%C3%B4-SP_logo.svg/375px-Metr%C3%B4-SP_logo.svg.png,SÃ£o Paulo Metro
https://upload.wikimedia.org/wikipedia/commons/thumb/7/73/Sofia_Metro_Logo.svg/150px-Sofia_Metro_Logo.svg.png,Sofia Metro
https://upload.wikimedia.org/wikipedia/commons/thumb/8/8d/Montreal_public_transit_icons_-_M%C3%A9tro.svg/150px-Montreal_public_transit_icons_-_M%C3%A9tro.svg.png,Montreal Metro
https://upload.wikimedia.org/wikipedia/commons/thumb/e/ec/Logo_R%C3%A9seau_express_m%C3%A9tropolitain.svg/225px-Logo_R%C3%A9seau_express_m%C3%A9tropolitain.svg.png,RÃ©seau express mÃ©tropolitain
https://upload.wikimedia.org/wikipedia/commons/thumb/e/e3/Logo_of_the_Toronto_Transit_Commission.svg/225px-Logo_of_the_Toronto_Transit_Commission.svg.png,Toronto subway
https://upload.wikimedia.org/wikipedia/commons/thumb/1/16/Skytrain.svg/330px-Skytrain.svg.png,SkyTrain
https://upload.wikimedia.org/wikipedia/commons/thumb/4/4f/Metro_de_Santiago_Logo.svg/375px-Metro_de_Santiago_Logo.svg.png,Santiago Metro
https://upload.wikimedia.org/wikipedia/commons/thumb/3/36/Beijing_Subway_simplified_logo.svg/120px-Beijing_Subway_simplified_logo.svg.png,Beijing Subway
https://encrypted-tbn0.gstatic.com/images?q=tbn:ANd9GcSVywY0T5bEpQ3gUyixBKLglPbV_1Y52_UZyQ&s,Changchun Rail Transit
https://upload.wikimedia.org/wikipedia/en/thumb/e/eb/Changsha_Metro_logo.svg/120px-Changsha_Metro_logo.svg.png,Changsha Metro
https://upload.wikimedia.org/wikipedia/en/thumb/f/fb/ChangzhouMetro.svg/120px-ChangzhouMetro.svg.png,Changzhou Metro
https://upload.wikimedia.org/wikipedia/commons/thumb/7/7f/Chengdu_Metro_icon.svg/180px-Chengdu_Metro_icon.svg.png,Chengdu Metro
https://static.wikia.nocookie.net/rapidtransit/images/6/6c/Chongqing_Rail_Transit.png/revision/latest?cb=20100811231240,Chongqing Rail Transit
"data:image/png;base64,iVBORw0KGgoAAAANSUhEUgAAAOEAAADhCAMAAAAJbSJIAAAAe1BMVEX///8AAADHx8dra2uIiIhwcHC6urqTk5OLi4vm5ub4+Pj8/PyVlZX19fXo6Ojy8vJCQkJJSUkiIiKmpqYYGBiCgoJjY2OsrKwSEhLS0tLa2tpcXFxKSkolJSUvLy80NDQ8PDyenp55eXnKysq0tLS+vr5TU1McHBwNDQ3nhJRjAAAJzUlEQVR4nNWdWWPiOgyFC2VNSsLSBShbaCn8/194y7S9Uxg7OpItOXwP8zYph2BrtXx3p0+elYvebFYN9pPWmcfdc2f20l6WWW7w15Uplu+d53XLx/T1abYoUn9IMcvefnXyivvF6ukwTP1h+bSfpoi4/zl2X27nXebF7Jml7odtf3kLC3PZGYvkfbHZL1ILqKeodgHyvt9k1dyf69tHsLwvVofUUlyMZttI+s5MqzK1oCtG1WNEfWfmg0b9WB8gu8dl35T3OKo05P1h0AiN77F/nxdUWWp9i5Wmvk827aT6Rl1lfWfuR+kEvhjoO/OeSF/xaiSw1XpNEnu8m+k7U5nrK+1e4BdjYwegbazvjOmmWiUQ2Go9mOnLZQFuOB9G5n94TCTwE5P4+JBO3yczfYFWVt7Hk7bAfmKBn9ZfV+A+tb5PJoohVbJN9JKtnvGPlWkKZar1FrVDQQYqbzG39kTrOGoEG00SqPJDbcoa/GEdu8TRjF30N+O4TuogtR4HUU1/alfNTTeewBTxLkK0gHGZWomXSDWqklevNmUZRWHT7MRv1jE21CZuo3/5CBfY1F3mh+BEapFaAclboEJ2Y8V4slqtJk7GJJs5X+E0rHDDXoTBPn+56O15X+t9yJ9jW8JtqMAvigOnbNcL+EtsSxgvEzZ62cB/VR5JdbgCg77Of3hD+1fEPviCLTB2duEdTK8Lv9ic38G1ix2Wllj6UrifVmyBMeOZH7BCrGj9l3yBcZfhN0Nox5G44JI2iziu/hUlsuFM+M+VBIXT+PLOZIgHwA8VJX2wQd5FDRnwFjfcTU7UaaHW91L62/3/hxlk5LhD8Qu9rhdgzZx4FkPWLKMk78yM/uu8lygSqGAN/3JP/33OSpTlR1/U5H0yotdNH39aLsuu6TafAV4yvhJlr3Cq3O1CuyD4S5R13asuwzvEjZyjgaIwvabe6vJAfgR0JxDWQlWc0t9k5Pawwx40lAmMkn6uh7bSWGpR2DOj3MlzJiedN+hDjGQCLTrOgI4sJI0irYZatA3S2+kAeIr0+KC6vDNkO8GUdt2k5dAIRSAA2rGh9xra6LgxaqYnvdM9+Qjpj9TodCuZpH6knFNxzd5EH/IzpRI2/ET+FwbW8A8j0iRSySKhQLvDEHQkXL+b5sPCxfDM179ujOTdIY30jTwmzYAuu6v3umtD2otj6k8YCh0YqIdxytAhlGpGzAA6fLWyXGqQCtVa+a2YBCzEQ/9BRl/GrD0UlKdpt8u/EBM0c6877OaGinyoN76QFZyC4fogdLLTWxCWVO5jwKg3gB/T99t/0xfjhhc9A6kyX7AK1OiUYHkhwGLy5f3SHS6cs14ifcLM53wDxXItWL9Tesv3tUgaKPEx59RvgU4f939MeqyC4y0/0Y9zG1nbUR5XcNKtQMLTbWOlSag4MBIhgEL3Zhpz3hofRrdRRT/NnXB7a2vyRnyuTlSFO/xp8SB+W8/4kwCFSXI1hCfC6LwDFCp3vjih/GXGuV5EYYIhoT3iIwGFvx+Q8liCKW+Uq3XEFSLTR+zzbWSnyBh/FmK4mTFnBMiqGKO/GPDagEJpbMhfFsMeIlGe6wsbvvcEoKf/yJiOcZABOUXgygoj7/5fwEIPnVthGDAkJehSKEslgu+QjFu2jAAROXrtUJiLWhROYLaT/GExliGU9HREY3SB3AW6x5MPYvggUFuaS6EoHQx+9WT6YIMLxHonHUlhmULQOaqo53BcEMr/+4PjxyVTCBZWyOCaIRDr2nKchBStQ/DHRXYXsDo3oUN1rrOekkleSK/jHd0hwuvyh45KbB2PlNhDsGxEdfnwAgHok7kUSnL62HefEUucY+3R89c7x/8UzDABrSFlK3iH+padAYDLvlZ8haA1JDa/NUtgAJCZuQS0hoQfaZZwENRHsa4OIq4QnFEWwp+gsMIeTPw4QufL4PCPyoCxYf0mDX5NMRixp9+AC6j+IZbdoGy3DYsN623FTlXSFdxBH+C0napeYfdeBecmyHXbQKc05AovMe7WB+4ga2wFpRkW5va2uCYfc0rTjHB3J4SZnQpgbJimSccTrfAegi1DZGiHAp4VxDOI2DJM1MLiyS/zNlPMKa1UBJB4Pg3rYB7obaUZDeobBcTaTLHYMNPSUI9v+AHL98ac0kTXffgaATPOHX+YUyoraAXjLdUxthowbtUTUYs3Uc3w27DYsHzq6PLkouMv8zASGTd6yI/hJTfqklAGcKRjlgGMDTxJ8GbPacJtwhojIE2Abf7tnn8Dy6Q3uwxhi3izyxBOfKe6+jQGmEJrazibPrqYOzhR+SMorRJ9IDIBa+wRdc4ZCne0Z89dwUtIUoYMql4YW0NWMv5EGjIkorNthOdlqunfF7Cbclq0wmHWNYFyJJ3g1BqI7IR5/Bpp+afPyppaQ+ZYcSRPHbWdNxhuKgs6UUyOvtRW9Qtu5Qrr8KFyGYbLkH09A5hcISJ9w+Mo3Nn+6C5P5L7tlmHFFAh3cdZv0Kxj10Gwp/3Cc4TrDYaZU8ovzOEN/7XpfYtJrGeGnBrDF4ygrs4VNDq7KOjK5pzmymueY7PR5ILqOCs95l+JNmOmSsHJAbC/5xv/1GWTZkmJQG6G05sbtuglFN0Lyr521ecvGSgU3BUGzJ79B5+51Z+ILBu3LTBini4K9XUoK4xLriX01DDWYVdGUhSSozstoZX2tNeo2kPpMC7Z0W2PA67otS2FL5Dhcl/iziCojQ1ZyocaikNW95/UGQ/aDhjayJjHcIWnZ2v9Hne3ycoecJtTDQGFIm8MOulG43kFXsXpJSitkqhriwVjOpGDRAM/OTwGBjtJx9RBBB99q1IrIIjQUpBg9C6DXbhAybXAdhyjZByEN1yZECktlqiVGSBanU96u442ERuX0s3frSPM1F/RxA31I2oBRTaBSJVd5Lv6ssfUiq44Rr+MsEg4KdrBUaG1rpBdMKvDSSVblOa8qxuldFjJPrGvhF51qEg7TPmHnWL5q2yC0Rjr1vfSnJi8EKjdKcFtcYmNwWDSKqlAk6syhZdaR8FoHlGyLXVt1o6Vh6WopTzrFvYukV6LHIJVq9I3Q+v81Nr+zj/usJcw7KdXf7Kwe43rVMeOKyOBnejRLkxh4cRt0966edC2jXOjC7/95JWqwEETzuOWemXU+6Yc+y91MsavTbr2toj/HvdN0nemGPD7smvgX95pQN6L5QKsXyx9bBbLfXje+LFxP89L8rd9UHvMfa+xr+8vWVu6tXYPNyDvm0VF37x8ye7BbtxuJLJF/wMrdaw/Ou0muC4SymG7363bYTfPnZ7k5uqGkRWL3qzav+7W0/mpdZpPN9uPbn/20i4yg3Nw/wG37b5UDk1DJQAAAABJRU5ErkJggg==",Dalian Metro
https://upload.wikimedia.org/wikipedia/en/thumb/e/e5/Dongguan_Rail_Transit_logo.svg/180px-Dongguan_Rail_Transit_logo.svg.png,Dongguan Rail Transit
https://upload.wikimedia.org/wikipedia/en/thumb/8/89/FMetro.svg/150px-FMetro.svg.png,Foshan Metro
https://upload.wikimedia.org/wikipedia/en/thumb/b/be/Fuzhou_Metro_logo.svg/120px-Fuzhou_Metro_logo.svg.png,Fuzhou Metro
https://upload.wikimedia.org/wikipedia/commons/thumb/f/f2/Guangzhou_Metro_logo.svg/225px-Guangzhou_Metro_logo.svg.png,Guangzhou Metro
https://upload.wikimedia.org/wikipedia/en/thumb/c/ce/GuiyangMetro.png/120px-GuiyangMetro.png,Guiyang Metro
https://upload.wikimedia.org/wikipedia/en/thumb/7/70/Hangzhou_Metro_logo.svg/120px-Hangzhou_Metro_logo.svg.png,Hangzhou Metro
https://upload.wikimedia.org/wikipedia/en/thumb/3/37/Harbin_Metro_logo.svg/120px-Harbin_Metro_logo.svg.png,Harbin Metro
"data:image/png;base64,iVBORw0KGgoAAAANSUhEUgAAAMwAAADACAMAAAB/Pny7AAAAkFBMVEX////XHgbXHwbVAADXGAD98/L//Pvib2n66Obwu7jhaWL99fXplZDrpaHjdXDlgoDmhHzie3n42dXusa/bQUDzzcvgXlTurKXnjozZJhPoiYLws6z77ez208/xwLz43tzeXVzYIxrdVU3aNzLZODj0yMPfYlrrnZbYLC3cVFLXIiDZLybVCgrbQDfcSUXeUUQ7bvGVAAAJx0lEQVR4nO2di5KiOhCGlW4RVBwVHVFRvAzifd7/7Q4o4ZagieDAnspftVWn1iXky6XpdDo5jYaUlJSUlJSUlJSUlJSUlJSUlJSUlJSUlJSUlFSZUt9W1TVPqquNXHNq9N6VZ5i669jVM9muYQ07x90MoYBwc123v6zpxK4MRHWM4Xo8u9cGsVlA/uNBKZvbemgsq+ghp/c93iAUo8gy+X30s7Umf4yy2p4upYIkgOA09lp/RtIyzvARkpgHBtqfoNjGDFD5FMlDis/Tdj4+e2z98yh3nKbfO073kygtd+uj/AFL89E73gcHm2Nd4G9ICM5W/5Ap6JrbPxlhScFp7nyCxbbO8DELliuEvV4+i9P5nDF+KjjMyzZr7k8F3fIQ4rZcmsUFKkIJaOBaplXzKuuWh+Aw+t+w+DS7krxP1btUzeLTjN0yWLre5jmL8nANiwlfORZwK6Fvusbp2ZcycDpgMz62h19va9hf365+Odh8xgPHZVEW1Tzns/h9ArAdGvpkZHffD2h0bWfpmlYnWFg8o+kUtWmTXa43Fji2O0sflbRwV52JscdnDhP0i3nR9jb3+6L4nTIdleoHqpprKZA72BB6hYrv57H4c+XqfiA81HXmkIfjv3NVoGgzZxD7xaL+oZWTqvUhZ2j7r31/JGj5LMNPhhyWtzxLAL9vF/rLbiF/hGXcct8iiatl39Xy/zMbou1aOS46gvEmi8FuH2y2UwumruYYg6tS4IN53nuulp6Aix0bB3/es8/aD7u4mZUwxoEBOodBzfcVFLA3UkZ+cmQOC8TBWzBzZtsgGnETqiNjC0GIo1iQI3jeB9oM9USzO202zc87bs3yxmRJDlrHu0FpYYHAnZj1zdiwaB0mDQzFzajK7hjw4n9irnM/CW/jYD/2wLQtiwZ34h+byZjJYkVjzB6eSkV58CCMp1EdRmcWDXyJfhbUHuPbr0A7mqPu8TNxJwU2g2gcuSx7imfRWTO60Y2iwC6yyYtdFlYpoHRlY/dYNVjuFPQEZ43JKAUhWu3p51STYcHlWXp6IqwJjd1ntCnuxCICTEsSt8jqkPwZ8XLa7ec9zzMSmr7QIpThDX7Pp/TeW9w3/ghhdI1YXHDCMGVwJINsmTQziIejVzCGqk76t1NyfsST3KBrkpy6HOp6dMfgzAx/1RKfM4TdsJRQg7rYnxKdAF5oNv0xQjUrNkUaT/ulS4BO2BwJQ6cg7ossMVJqGbGzrOCMmKwpI54CpsBKakKbRDyRjnGb0Y9w7pUZa1y2ozGlwDYcaK0Oa5zx2zOVMcpgHXZMKzbacDXLXaFpgzhEF62RFye6ZZF/0nRpW4YzUvY0GmR4WJW9bvZNMak5QtjpLYaTCPzz1J7RbfETzjn1Qj78eDGfF/OOWpGhVKAf/t2cMc74QxsOw4B0wt/iEVgwVpKjLkaNRbpmRJkABa/cBS7oUXYJ3T81mqI4+wCKr2U00KLWou0ZAnd5cxrmFLaSGXdMebsMaQ3JK3CXWx8FuC0AHciIym2TEQjtnIcL55lFMSE8hdN8yYDhtgDUV0aBcOXdOpAXAf0RVoOYsW5yS3eXGmNpokYdgfP8CnEbH0ZDhN95N7T5CnSyDWsvzf5Y1FveWjqdVTIidYdj+DfUklNJrnifSmPAhFOmRz5qWcfV1odBkAbF1jHBwmHrZVPMbFJ3HIfdT00aBeYNPtFDNDIenZxR5vY3wfaK8NLzznPrpQvzl2QhzCEcEFMahjfitMqFUY9klG1T1sQbv7/rGYQxjmlvdRJaGZyFg2lEw/QbfDJpmPAbpd0ITCqo0C+26en3zmGarMCIeCDEAlADX4EhJ0yPfvQ3C+PFHqb6XTy0gZdkDNkhu0JkZtjZjueHGdAw32GTjQlMYkGxLyPfIXIx7m22D2tAqtx6H4YKIijkCxnDxMZsXk6SAJ7ieRNFIMjMaGXXzvwGgNEzFEz0ZpcdXhcXHCObkoBR/wKG9IzNWKK/J7xEXnhVMGZexgN3zC9+yZa4rhXBsIJ0zTDV4Zkbw956IRatTBiG85AH454ZHeOjNL+/rBz1rOEvc/fA/xDaVcIwY8EKNK2JY+dsZPp/7JHeZnUOnt0qYewhY5TBzX0Zs7GnM9aTJj8Mr6NpccM49HaQAmuuJeiKzmNRSDC7GpglNWUUuHKuAU0qBOR7fHaFMJNmtkLY5N6ot6gdnk/AMBzNPBgqRI8d7j26UTa45ztctYLBjUAGxRCyr6kZzI9Aup6R8R4+AkOFzQVgbgLbQJOfmsOIJIdr45rD7PlZonVrbWE6T8rNqpvJmawdDG/Q5K79H/SM8TYMgiUC06k3zGX6pFxK7XrDbIT2ngf1hjkJ5ehkTkzUDkZoB2qxqTeMUFqAW2+Yg9Be+uRUbxgRloZTb5izEIx9rjWMYHb7ocYwSu4W9D8JI5i0UQCGN25WAGYhBnOtNYzgoer0PlXdYAQP7KVjp/WCafJntLDeVC8YhT/X6KFFjWEEEqce0usMI5qCtqwvjCJ8vE2rrzUTdgAarTrDCMVmAtV5mH0LstR4mCXPpHBJbdcYpomoaza3nEymSs1gFIT9kCHmnQb9XSbrpmYwwUgTyNBsZl9TI5ii581qBBOmmPCfdqQeqA8MAnY8M7icipcGsG2a1jV+oDYwCAMtyCJvMVMvGEIYPh7Qo+yGusDEGUmNZf4VIimWKMvaIevNimGiDI1ksGT14tKdxwNfcexzciWlCiQ1lA/jhIf2cZxYL3e/XicHpk9b9x51VcDiz50pH4ZkNWEnmcc0pQ9GZRWfkQ202j0eEMlqKh+GJLqnr0/Qd69h2skIe5i0irNVlTCN1SMTKL0vq7PSAzMwqRSbR88osHcqhXHW93+L62TdvNe3B+ItuSsV5p1ALz41WwVMWHE8J6J/PuArFr8/E+df7MdGLUaXflUFE9oz3EenRtQez7WOmLhKznhsbeKAzKOqYBrefdYgrsk5Ti6WgCYsQvUexi9h3iuDUR+DSgGwfGtrL668RwMQOiu7oU3DVQ1e4oFXGUxDC68fICsZbq8Zk6saTPoQZR5sEINpTH4eNM9y45mK/72/GkhGqSqEaSzHRU8DYfojWiVMY9TGAlfQBPe+pXfcKoVptIzti7sWn6E0+5kIVXUGIPzFu97vjhQNAPhW4NvM7uqwYJS3YagruyKY8Cd6v6/rmJ03Lp/ZzFcaldWh7clrYphsjXhhpjDLiDiSo10uzP1osz715v125/uV9oE6/Z45YR1u9nsGyXsJTLZ9uWG6VFRSIxebaEQ55zDE7tPLO3iutkgNCKpGqbr/7YaUlJSUlJSUlJSUlJSUlJSUlJSUlJSUlFQh/Qcj3/nHScGj+gAAAABJRU5ErkJggg==",Hefei Metro
https://upload.wikimedia.org/wikipedia/en/3/32/Hohhot_Metro_logo.png,Hohhot Metro
https://upload.wikimedia.org/wikipedia/en/thumb/b/b9/HK_MTR_logo.svg/188px-HK_MTR_logo.svg.png,Mass Transit Railway
https://upload.wikimedia.org/wikipedia/en/thumb/b/b0/JinanMetro.svg/120px-JinanMetro.svg.png,Jinan Metro
https://images-wixmp-ed30a86b8c4ca887773594c2.wixmp.com/f/6a5b547d-3db2-4b54-b4b7-1a67bfcf75b9/df4owcz-8be59214-5060-40d0-86d6-a5d5e502fe59.png?token=eyJ0eXAiOiJKV1QiLCJhbGciOiJIUzI1NiJ9.eyJzdWIiOiJ1cm46YXBwOjdlMGQxODg5ODIyNjQzNzNhNWYwZDQxNWVhMGQyNmUwIiwiaXNzIjoidXJuOmFwcDo3ZTBkMTg4OTgyMjY0MzczYTVmMGQ0MTVlYTBkMjZlMCIsIm9iaiI6W1t7InBhdGgiOiJcL2ZcLzZhNWI1NDdkLTNkYjItNGI1NC1iNGI3LTFhNjdiZmNmNzViOVwvZGY0b3djei04YmU1OTIxNC01MDYwLTQwZDAtODZkNi1hNWQ1ZTUwMmZlNTkucG5nIn1dXSwiYXVkIjpbInVybjpzZXJ2aWNlOmZpbGUuZG93bmxvYWQiXX0.NL5CuzI6eakVEkWNmcXjLscax3k3lWY_SlqhYeFr0R4,Jinhua Rail Transit
https://upload.wikimedia.org/wikipedia/en/thumb/1/1d/Kunming_Rail_Transit_logo.svg/120px-Kunming_Rail_Transit_logo.svg.png,Kunming Metro
https://upload.wikimedia.org/wikipedia/en/a/a0/LanzhouRailTransit.png,Lanzhou Metro
https://upload.wikimedia.org/wikipedia/en/6/6f/Luoyang_Subway_logo.png,Luoyang Subway
https://upload.wikimedia.org/wikipedia/commons/thumb/f/f7/Metro_Ligeiro_de_Macau_logo.svg/300px-Metro_Ligeiro_de_Macau_logo.svg.png,Macau Light Rapid Transit
https://upload.wikimedia.org/wikipedia/commons/thumb/7/79/Nanchang_Metro_Logo_Horizontal.png/150px-Nanchang_Metro_Logo_Horizontal.png,Nanchang Metro
https://upload.wikimedia.org/wikipedia/commons/thumb/0/01/Nanjing_Metro_Logo.svg/120px-Nanjing_Metro_Logo.svg.png,Nanjing Metro
https://upload.wikimedia.org/wikipedia/commons/thumb/0/01/Nanjing_Metro_Logo.svg/120px-Nanjing_Metro_Logo.svg.png,Nanning Metro
https://upload.wikimedia.org/wikipedia/commons/thumb/0/01/Nanjing_Metro_Logo.svg/120px-Nanjing_Metro_Logo.svg.png,Nantong Rail Transit
https://upload.wikimedia.org/wikipedia/en/thumb/b/bf/Ningbo_Metro_Logo.png/225px-Ningbo_Metro_Logo.png,Ningbo Rail Transit
https://upload.wikimedia.org/wikipedia/en/thumb/0/0b/Qingdao_Metro.svg/120px-Qingdao_Metro.svg.png,Qingdao Metro
https://upload.wikimedia.org/wikipedia/en/thumb/e/e7/Shanghai_Metro_Full_Logo.svg/225px-Shanghai_Metro_Full_Logo.svg.png,Shanghai Metro
https://upload.wikimedia.org/wikipedia/en/thumb/e/e7/Shanghai_Metro_Full_Logo.svg/225px-Shanghai_Metro_Full_Logo.svg.png,Shaoxing Metro
https://upload.wikimedia.org/wikipedia/en/thumb/e/e7/Shanghai_Metro_Full_Logo.svg/225px-Shanghai_Metro_Full_Logo.svg.png,Shenyang Metro
https://upload.wikimedia.org/wikipedia/en/thumb/7/73/Shenzhen_Metro_Corporation_logo_full.svg/225px-Shenzhen_Metro_Corporation_logo_full.svg.png,Shenzhen Metro
https://upload.wikimedia.org/wikipedia/commons/thumb/0/02/Shijiazhuang_Metro.svg/120px-Shijiazhuang_Metro.svg.png,Shijiazhuang Metro
https://upload.wikimedia.org/wikipedia/en/thumb/4/41/Suzhou_Rail_Transit_logo.svg/120px-Suzhou_Rail_Transit_logo.svg.png,Suzhou Rail Transit
https://upload.wikimedia.org/wikipedia/en/thumb/4/4e/Taiyuan_Metro_logo.svg/120px-Taiyuan_Metro_logo.svg.png,Taiyuan Metro
https://upload.wikimedia.org/wikipedia/commons/thumb/a/a9/Taizhou_Rail_Transit_Logo.svg/120px-Taizhou_Rail_Transit_Logo.svg.png,Taizhou Rail Transit
https://upload.wikimedia.org/wikipedia/commons/thumb/f/f2/TianjinMetro.svg/120px-TianjinMetro.svg.png,Tianjin Metro
https://upload.wikimedia.org/wikipedia/en/2/25/Logo_of_Urumqi_Metro.png,Urumqi Metro
https://upload.wikimedia.org/wikipedia/en/thumb/1/13/WenzhouRailway.svg/120px-WenzhouRailway.svg.png,Wenzhou Rail Transit
https://upload.wikimedia.org/wikipedia/en/thumb/8/84/Wuhan_Metro_logo.png/120px-Wuhan_Metro_logo.png,Wuhan Metro
https://upload.wikimedia.org/wikipedia/en/thumb/8/84/Wuhan_Metro_logo.png/120px-Wuhan_Metro_logo.png,Wuhu Rail Transit
https://upload.wikimedia.org/wikipedia/en/thumb/0/0f/Wuxi_Metro_logo.svg/120px-Wuxi_Metro_logo.svg.png,Wuxi Metro
https://upload.wikimedia.org/wikipedia/commons/thumb/8/8a/Amoy_Metro_logo.svg/120px-Amoy_Metro_logo.svg.png,Xiamen Metro
https://upload.wikimedia.org/wikipedia/en/thumb/f/f7/Xian_Metro_logo.svg/120px-Xian_Metro_logo.svg.png,Xian Metro
https://upload.wikimedia.org/wikipedia/commons/thumb/7/74/XuzhouMetro.svg/120px-XuzhouMetro.svg.png,Xuzhou Metro
https://upload.wikimedia.org/wikipedia/en/thumb/d/d8/Zhengzhou_Metro_logo.svg/120px-Zhengzhou_Metro_logo.svg.png,Zhengzhou Metro
https://upload.wikimedia.org/wikipedia/commons/thumb/5/5c/Logo_Metro_de_Medell%C3%ADn.svg/113px-Logo_Metro_de_Medell%C3%ADn.svg.png,Medelli­n Metro
https://upload.wikimedia.org/wikipedia/commons/thumb/6/68/Prague_metro_logo_without_padding.svg/225px-Prague_metro_logo_without_padding.svg.png,Prague Metro
https://upload.wikimedia.org/wikipedia/commons/thumb/a/a2/Copenhagen_Metro_Logo.svg/300px-Copenhagen_Metro_Logo.svg.png,Copenhagen Metro
https://upload.wikimedia.org/wikipedia/commons/thumb/b/ba/Logo_Metro_de_Santo_Domingo.png/113px-Logo_Metro_de_Santo_Domingo.png,Santo Domingo Metro
https://upload.wikimedia.org/wikipedia/commons/thumb/0/00/Metro_de_Quito_logo_2023.png/300px-Metro_de_Quito_logo_2023.png,Quito Metro
https://upload.wikimedia.org/wikipedia/commons/thumb/7/77/Cairo_metro_logo2012.svg/150px-Cairo_metro_logo2012.svg.png,Cairo Metro
https://upload.wikimedia.org/wikipedia/commons/thumb/1/12/Helsinki_metro_logo_round_edges.svg/105px-Helsinki_metro_logo_round_edges.svg.png,Helsinki Metro
https://upload.wikimedia.org/wikipedia/commons/thumb/8/82/Lille_Metro_Logo_2017.svg/113px-Lille_Metro_Logo_2017.svg.png,Lille Metro
https://upload.wikimedia.org/wikipedia/commons/thumb/f/f6/Lyon_tcl_logo-metro-full.svg/180px-Lyon_tcl_logo-metro-full.svg.png,Lyon Metro
https://upload.wikimedia.org/wikipedia/commons/thumb/e/e3/Panneau_M%C3%A9tro_de_Marseille.svg/150px-Panneau_M%C3%A9tro_de_Marseille.svg.png,Marseille Metro
https://upload.wikimedia.org/wikipedia/commons/thumb/5/5e/Metro-M.svg/113px-Metro-M.svg.png,Paris Metro
https://upload.wikimedia.org/wikipedia/commons/thumb/d/df/Logo_Metro_Rennes.svg/150px-Logo_Metro_Rennes.svg.png,Rennes Metro
,Toulouse Metro
https://upload.wikimedia.org/wikipedia/commons/thumb/2/21/Toulouse_%22M%22_symbol.svg/113px-Toulouse_%22M%22_symbol.svg.png,Tbilisi Metro
https://upload.wikimedia.org/wikipedia/commons/thumb/a/a3/U-Bahn.svg/113px-U-Bahn.svg.png,Berlin U-Bahn
https://upload.wikimedia.org/wikipedia/commons/thumb/a/a3/U-Bahn.svg/105px-U-Bahn.svg.png,Hamburg U-Bahn
https://upload.wikimedia.org/wikipedia/commons/thumb/a/a3/U-Bahn.svg/105px-U-Bahn.svg.png,Munich U-Bahn
https://upload.wikimedia.org/wikipedia/commons/thumb/a/a3/U-Bahn.svg/105px-U-Bahn.svg.png,Nuremberg U-Bahn
https://upload.wikimedia.org/wikipedia/commons/thumb/7/78/Logo_of_the_Athens_Metro_Operating_Company_%28AMEL%29.svg/113px-Logo_of_the_Athens_Metro_Operating_Company_%28AMEL%29.svg.png,Athens Metro
https://upload.wikimedia.org/wikipedia/commons/thumb/2/20/Thessaloniki_Metro_logo.svg/113px-Thessaloniki_Metro_logo.svg.png,Thessaloniki Metro
https://upload.wikimedia.org/wikipedia/commons/thumb/f/fb/BKV_metro.svg/150px-BKV_metro.svg.png,Budapest Metro
https://upload.wikimedia.org/wikipedia/commons/thumb/6/6c/UPMRC.svg/150px-UPMRC.svg.png,Agra Metro
https://upload.wikimedia.org/wikipedia/commons/thumb/6/6c/UPMRC.svg/150px-UPMRC.svg.png,Ahmedabad Metro
https://upload.wikimedia.org/wikipedia/commons/thumb/6/61/Namma_metro.svg/330px-Namma_metro.svg.png,Namma Metro
https://upload.wikimedia.org/wikipedia/commons/thumb/8/8d/Chennai_Metro_logo.svg/75px-Chennai_Metro_logo.svg.png,Chennai Metro
https://upload.wikimedia.org/wikipedia/commons/thumb/8/8d/Chennai_Metro_logo.svg/75px-Chennai_Metro_logo.svg.png,Chennai MRTS
https://upload.wikimedia.org/wikipedia/commons/thumb/6/65/Delhi_Metro_logo.svg/75px-Delhi_Metro_logo.svg.png,Delhi Metro
https://upload.wikimedia.org/wikipedia/en/thumb/8/8c/Rmrg_logo.png/225px-Rmrg_logo.png,Rapid Metro Gurgaon
https://upload.wikimedia.org/wikipedia/commons/thumb/0/03/Hyderabad_Metro_Rail_Logo.png/150px-Hyderabad_Metro_Rail_Logo.png,Hyderabad Metro
https://upload.wikimedia.org/wikipedia/commons/thumb/2/2a/Jaipur_metro_logo.png/150px-Jaipur_metro_logo.png,Jaipur Metro
https://upload.wikimedia.org/wikipedia/commons/thumb/6/6c/UPMRC.svg/150px-UPMRC.svg.png,Kanpur Metro
https://upload.wikimedia.org/wikipedia/en/thumb/1/18/Koch_Metro_Logo.png/180px-Koch_Metro_Logo.png,Kochi Metro
https://upload.wikimedia.org/wikipedia/commons/thumb/c/cd/Kolkata_Metro_System_Logo.svg/270px-Kolkata_Metro_System_Logo.svg.png,Kolkata Metro
https://upload.wikimedia.org/wikipedia/commons/thumb/6/6c/UPMRC.svg/150px-UPMRC.svg.png,Lucknow Metro
https://upload.wikimedia.org/wikipedia/commons/thumb/3/36/Mmmocl-logo.svg/233px-Mmmocl-logo.svg.png,Mumbai Metro
https://upload.wikimedia.org/wikipedia/commons/thumb/0/09/Nagpur_Metro_Logo.png/150px-Nagpur_Metro_Logo.png,Nagpur Metro
https://upload.wikimedia.org/wikipedia/commons/b/ba/NaviMumbaiMetro-Logo.png,Navi Mumbai Metro
https://upload.wikimedia.org/wikipedia/en/thumb/8/80/Noida_Metro_Logo.png/75px-Noida_Metro_Logo.png,Noida Metro
https://upload.wikimedia.org/wikipedia/commons/thumb/7/75/Pune_metro_logo.png/150px-Pune_metro_logo.png,Pune Metro
https://upload.wikimedia.org/wikipedia/commons/thumb/a/ac/MRT_Jakarta_logo.svg/300px-MRT_Jakarta_logo.svg.png,Jakarta MRT
https://upload.wikimedia.org/wikipedia/commons/thumb/c/ce/Jakarta_LRT_logo.svg/330px-Jakarta_LRT_logo.svg.png,Jakarta LRT
https://upload.wikimedia.org/wikipedia/commons/thumb/3/3b/Jabodebek_LRT.svg/270px-Jabodebek_LRT.svg.png,Jabodebek LRT
https://upload.wikimedia.org/wikipedia/commons/thumb/1/1b/LRTPalembang_Line_Code.png/60px-LRTPalembang_Line_Code.png,Palembang LRT
https://upload.wikimedia.org/wikipedia/commons/thumb/a/a0/Esfahan_Metro_Logo.png/120px-Esfahan_Metro_Logo.png,Isfahan Urban Railway
https://upload.wikimedia.org/wikipedia/commons/thumb/9/9e/Mashhad_Metro_logo.png/113px-Mashhad_Metro_logo.png,Mashhad Urban Railway
https://upload.wikimedia.org/wikipedia/commons/thumb/8/86/Shiraz_Metro_Logo.png/113px-Shiraz_Metro_Logo.png,Shiraz Metro
https://upload.wikimedia.org/wikipedia/commons/thumb/a/af/%D9%84%D9%88%DA%AF%D9%88_%D9%82%D8%B7%D8%A7%D8%B1_%D8%B4%D9%87%D8%B1%DB%8C_%DA%A9%D8%B1%D8%AC_%D9%88_%D8%AD%D9%88%D9%85%D9%87.svg/120px-%D9%84%D9%88%DA%AF%D9%88_%D9%82%D8%B7%D8%A7%D8%B1_%D8%B4%D9%87%D8%B1%DB%8C_%DA%A9%D8%B1%D8%AC_%D9%88_%D8%AD%D9%88%D9%85%D9%87.svg.png,Karaj Metro
https://upload.wikimedia.org/wikipedia/commons/thumb/e/e1/Tabriz_Metro_Logo.png/150px-Tabriz_Metro_Logo.png,Tabriz Metro
https://upload.wikimedia.org/wikipedia/commons/thumb/7/75/Tehran_Metro_Logo.svg/120px-Tehran_Metro_Logo.svg.png,Tehran Metro
https://upload.wikimedia.org/wikipedia/commons/thumb/8/86/MetroBS_logo.svg/150px-MetroBS_logo.svg.png,Brescia Metro
https://upload.wikimedia.org/wikipedia/commons/thumb/1/1b/Logo_metropolitana_di_Catania.svg/113px-Logo_metropolitana_di_Catania.svg.png,Catania Metro
https://upload.wikimedia.org/wikipedia/commons/thumb/9/9b/Logo_Metropolitane_Italia.svg/113px-Logo_Metropolitane_Italia.svg.png,Genoa Metro
https://upload.wikimedia.org/wikipedia/commons/thumb/9/9b/Logo_Metropolitane_Italia.svg/113px-Logo_Metropolitane_Italia.svg.png,Milan Metro
https://upload.wikimedia.org/wikipedia/commons/thumb/9/9b/Logo_Metropolitane_Italia.svg/75px-Logo_Metropolitane_Italia.svg.png,Naples Metro
https://upload.wikimedia.org/wikipedia/commons/thumb/9/9b/Logo_Metropolitane_Italia.svg/75px-Logo_Metropolitane_Italia.svg.png,Rome Metro
https://upload.wikimedia.org/wikipedia/commons/thumb/9/9b/Logo_Metropolitane_Italia.svg/75px-Logo_Metropolitane_Italia.svg.png,Turin Metro
https://upload.wikimedia.org/wikipedia/commons/thumb/9/9b/Logo_Metropolitane_Italia.svg/75px-Logo_Metropolitane_Italia.svg.png,T?y? Rapid Railway Line
https://upload.wikimedia.org/wikipedia/commons/thumb/c/cd/Fukuoka_City_Subway_Logo.svg/150px-Fukuoka_City_Subway_Logo.svg.png,Fukuoka City Subway
https://upload.wikimedia.org/wikipedia/commons/thumb/0/05/Astram_Logo.svg/75px-Astram_Logo.svg.png,Astram Line
https://upload.wikimedia.org/wikipedia/commons/thumb/5/5b/Saitama_Railway_Logo.svg/120px-Saitama_Railway_Logo.svg.png,Saitama Rapid Railway Line
https://upload.wikimedia.org/wikipedia/commons/thumb/4/47/Kobe_Municipal_Subway_Logo.svg/113px-Kobe_Municipal_Subway_Logo.svg.png,Kobe Municipal Subway
https://upload.wikimedia.org/wikipedia/commons/thumb/e/ee/Kobe_New_Transit_logo.svg/225px-Kobe_New_Transit_logo.svg.png,Kobe New Transit
https://upload.wikimedia.org/wikipedia/commons/thumb/4/48/Kyoto_MTB_Logo.svg/113px-Kyoto_MTB_Logo.svg.png,Kyoto Municipal Subway
https://upload.wikimedia.org/wikipedia/commons/thumb/f/fa/Nagoya_Subway_Logo_%28black%29.svg/113px-Nagoya_Subway_Logo_%28black%29.svg.png,Nagoya Municipal Subway
https://upload.wikimedia.org/wikipedia/commons/thumb/2/22/Osaka_Metro_logo.svg/150px-Osaka_Metro_logo.svg.png,Osaka Metro
https://upload.wikimedia.org/wikipedia/commons/thumb/2/22/Osaka_Metro_logo.svg/150px-Osaka_Metro_logo.svg.png,New Shuttle
https://upload.wikimedia.org/wikipedia/commons/thumb/3/3a/ST_Logo.svg/150px-ST_Logo.svg.png,Sapporo Municipal Subway
https://upload.wikimedia.org/wikipedia/commons/thumb/b/b7/Sendai_City_Subway_Logo.svg/150px-Sendai_City_Subway_Logo.svg.png,Sendai Subway
https://upload.wikimedia.org/wikipedia/commons/thumb/c/c9/Symbol_of_Tokyo_Metropolis.svg/113px-Symbol_of_Tokyo_Metropolis.svg.png,Toei Subway
https://upload.wikimedia.org/wikipedia/commons/thumb/c/c9/Symbol_of_Tokyo_Metropolis.svg/113px-Symbol_of_Tokyo_Metropolis.svg.png,Nippori-Toneri Liner
https://upload.wikimedia.org/wikipedia/commons/thumb/1/1e/Yurikamome_line_symbol.svg/75px-Yurikamome_line_symbol.svg.png,Yurikamome
https://upload.wikimedia.org/wikipedia/commons/thumb/1/1b/Tokyo_Metro_combined_logo.svg/300px-Tokyo_Metro_combined_logo.svg.png,Tokyo Metro
https://upload.wikimedia.org/wikipedia/commons/thumb/1/1b/Tokyo_Metro_combined_logo.svg/300px-Tokyo_Metro_combined_logo.svg.png,Rinkai Line
https://upload.wikimedia.org/wikipedia/commons/thumb/0/01/Yokohama_Municipal_Subway_Logo.svg/113px-Yokohama_Municipal_Subway_Logo.svg.png,Yokohama Municipal Subway
https://upload.wikimedia.org/wikipedia/commons/thumb/0/0f/Minatomirai_Line_symbol.svg/75px-Minatomirai_Line_symbol.svg.png,Minatomirai Line
https://upload.wikimedia.org/wikipedia/commons/thumb/e/e7/Seaside_line_logo.svg/225px-Seaside_line_logo.svg.png,Kanazawa Seaside Line
https://upload.wikimedia.org/wikipedia/commons/thumb/8/81/Almaty_metro_logo.svg/180px-Almaty_metro_logo.svg.png,Almaty Metro
https://upload.wikimedia.org/wikipedia/commons/thumb/2/28/Logo_of_the_Pyongyang_Metro.svg/180px-Logo_of_the_Pyongyang_Metro.svg.png,Pyongyang Metro
https://upload.wikimedia.org/wikipedia/commons/thumb/1/12/South_Korea_subway_logo.svg/150px-South_Korea_subway_logo.svg.png,Busan Metro
https://upload.wikimedia.org/wikipedia/commons/thumb/1/12/South_Korea_subway_logo.svg/150px-South_Korea_subway_logo.svg.png,Daegu Metro
https://upload.wikimedia.org/wikipedia/commons/thumb/1/12/South_Korea_subway_logo.svg/150px-South_Korea_subway_logo.svg.png,Daejeon Metro
https://upload.wikimedia.org/wikipedia/commons/thumb/1/12/South_Korea_subway_logo.svg/150px-South_Korea_subway_logo.svg.png,Gimpo Goldline
https://upload.wikimedia.org/wikipedia/commons/thumb/1/12/South_Korea_subway_logo.svg/150px-South_Korea_subway_logo.svg.png,Gwangju Metro
https://upload.wikimedia.org/wikipedia/commons/thumb/1/12/South_Korea_subway_logo.svg/150px-South_Korea_subway_logo.svg.png,Incheon Subway
https://upload.wikimedia.org/wikipedia/commons/thumb/1/12/South_Korea_subway_logo.svg/150px-South_Korea_subway_logo.svg.png,Seoul Metropolitan Subway
https://upload.wikimedia.org/wikipedia/commons/thumb/1/12/South_Korea_subway_logo.svg/150px-South_Korea_subway_logo.svg.png,Shinbundang Line 
https://upload.wikimedia.org/wikipedia/commons/thumb/2/2b/Rapid_KL_Logo.svg/450px-Rapid_KL_Logo.svg.png,Rapid KL
https://upload.wikimedia.org/wikipedia/commons/thumb/8/8b/Logo_del_SITEUR.svg/330px-Logo_del_SITEUR.svg.png,SITEUR
https://upload.wikimedia.org/wikipedia/commons/thumb/7/7a/Logo_STC_Metro_y_Movilidad_Integrada.png/300px-Logo_STC_Metro_y_Movilidad_Integrada.png,Mexico City Metro
https://upload.wikimedia.org/wikipedia/commons/thumb/3/3e/Metrorrey_logo_2007_relanzado_oficialmente.svg/150px-Metrorrey_logo_2007_relanzado_oficialmente.svg.png,Metrorrey
https://upload.wikimedia.org/wikipedia/commons/thumb/6/64/Amsterdam_metro_logo.svg/180px-Amsterdam_metro_logo.svg.png,Amsterdam Metro
https://upload.wikimedia.org/wikipedia/commons/thumb/1/1d/RET_metro_logo.svg/180px-RET_metro_logo.svg.png,Rotterdam Metro
https://upload.wikimedia.org/wikipedia/commons/thumb/f/fd/Lagos_Metro_logo.svg/120px-Lagos_Metro_logo.svg.png,Lagos Rail Mass Transit
https://upload.wikimedia.org/wikipedia/commons/thumb/f/f5/Oslo_T-bane_Logo.svg/113px-Oslo_T-bane_Logo.svg.png,Oslo Metro
https://upload.wikimedia.org/wikipedia/commons/thumb/c/c1/Lahoremetrologo.jpg/120px-Lahoremetrologo.jpg,Lahore Metro
https://upload.wikimedia.org/wikipedia/commons/thumb/e/e3/Metro_de_Panama_Logo.svg/113px-Metro_de_Panama_Logo.svg.png,Panama Metro
https://upload.wikimedia.org/wikipedia/commons/thumb/a/ae/Logotipo_del_Metro_de_Lima_y_Callao_%28ATU%29.svg/135px-Logotipo_del_Metro_de_Lima_y_Callao_%28ATU%29.svg.png,Lima Metro
https://upload.wikimedia.org/wikipedia/commons/thumb/3/39/Lrtalogo.svg/128px-Lrtalogo.svg.png,Manila Light Rail Transit System
https://upload.wikimedia.org/wikipedia/commons/thumb/3/39/Lrtalogo.svg/128px-Lrtalogo.svg.png,Manila Metro Rail Transit System
https://upload.wikimedia.org/wikipedia/commons/thumb/8/82/Warsaw_Metro_logo.svg/180px-Warsaw_Metro_logo.svg.png,Warsaw Metro
https://upload.wikimedia.org/wikipedia/commons/thumb/5/5a/Metropolitano_Lisboa_logo.svg/180px-Metropolitano_Lisboa_logo.svg.png,Lisbon Metro
https://upload.wikimedia.org/wikipedia/commons/thumb/7/73/Doha_Metro_Logo_04.2019.svg/300px-Doha_Metro_Logo_04.2019.svg.png,Doha Metro
https://upload.wikimedia.org/wikipedia/commons/thumb/8/8d/Metrorex_logo.svg/225px-Metrorex_logo.svg.png,Bucharest Metro
https://upload.wikimedia.org/wikipedia/commons/thumb/6/60/Kazan_metro_logo.svg/180px-Kazan_metro_logo.svg.png,Kazan Metro
https://upload.wikimedia.org/wikipedia/commons/thumb/d/d0/%D0%9B%D0%BE%D0%B3%D0%BE%D1%82%D0%B8%D0%BF_%D0%BC%D0%B5%D1%82%D1%80%D0%BE_%D0%B2_%D1%81%D0%B8%D1%81%D1%82%D0%B5%D0%BC%D0%B5_%D0%B1%D1%80%D0%B5%D0%BD%D0%B4%D0%B0_%D0%BC%D0%BE%D1%81%D0%BA%D0%BE%D0%B2%D1%81%D0%BA%D0%BE%D0%B3%D0%BE_%D1%82%D1%80%D0%B0%D0%BD%D1%81%D0%BF%D0%BE%D1%80%D1%82%D0%B0.svg/180px-%D0%9B%D0%BE%D0%B3%D0%BE%D1%82%D0%B8%D0%BF_%D0%BC%D0%B5%D1%82%D1%80%D0%BE_%D0%B2_%D1%81%D0%B8%D1%81%D1%82%D0%B5%D0%BC%D0%B5_%D0%B1%D1%80%D0%B5%D0%BD%D0%B4%D0%B0_%D0%BC%D0%BE%D1%81%D0%BA%D0%BE%D0%B2%D1%81%D0%BA%D0%BE%D0%B3%D0%BE_%D1%82%D1%80%D0%B0%D0%BD%D1%81%D0%BF%D0%BE%D1%80%D1%82%D0%B0.svg.png,Moscow Metro
https://upload.wikimedia.org/wikipedia/commons/thumb/2/23/NNMetro.svg/180px-NNMetro.svg.png,Nizhny Novgorod Metro
https://upload.wikimedia.org/wikipedia/commons/thumb/a/a5/Novosibirsk_Metro_logo.svg/150px-Novosibirsk_Metro_logo.svg.png,Novosibirsk Metro
https://upload.wikimedia.org/wikipedia/commons/thumb/7/79/Spb_metro_logo_%28alt_shaping%29.svg/150px-Spb_metro_logo_%28alt_shaping%29.svg.png,Saint Petersburg Metro
https://upload.wikimedia.org/wikipedia/commons/thumb/0/0a/Samara_Metro_logo.svg/180px-Samara_Metro_logo.svg.png,Samara Metro
https://upload.wikimedia.org/wikipedia/commons/thumb/2/2d/Ekb_metro_logo.svg/120px-Ekb_metro_logo.svg.png,Yekaterinburg Metro
https://upload.wikimedia.org/wikipedia/commons/thumb/9/96/Riyadh_Metro_Logo.svg/327px-Riyadh_Metro_Logo.svg.png,Riyadh Metro
https://upload.wikimedia.org/wikipedia/en/thumb/c/c8/Logo_of_Singapore_MRT.svg/225px-Logo_of_Singapore_MRT.svg.png,Mass Rapid Transit
https://upload.wikimedia.org/wikipedia/commons/thumb/8/81/Barcelona_Metro_Logo.svg/188px-Barcelona_Metro_Logo.svg.png,Barcelona Metro
https://upload.wikimedia.org/wikipedia/commons/thumb/8/81/Barcelona_Metro_Logo.svg/188px-Barcelona_Metro_Logo.svg.png,Metro Bilbao
https://upload.wikimedia.org/wikipedia/commons/thumb/e/ea/MetroMadridLogo.svg/150px-MetroMadridLogo.svg.png,Madrid Metro
https://en.wikipedia.org/wiki/Stockholm_Metro#/media/File:Stockholm_metro_symbol.svg,Stockholm Metro
https://upload.wikimedia.org/wikipedia/commons/thumb/d/de/Logo_M%C3%A9tro_Lausanne.svg/113px-Logo_M%C3%A9tro_Lausanne.svg.png,Lausanne MÃ©tro
https://upload.wikimedia.org/wikipedia/en/thumb/d/d7/Kaohsiung_Mass_Rapid_Transit_Logo%28Logo_Only%29.svg/150px-Kaohsiung_Mass_Rapid_Transit_Logo%28Logo_Only%29.svg.png,Kaohsiung Rapid Transit
https://upload.wikimedia.org/wikipedia/en/thumb/e/ee/Taipei_Metro_Logo%28Logo_Only%29.svg/150px-Taipei_Metro_Logo%28Logo_Only%29.svg.png,Taipei Metro
https://upload.wikimedia.org/wikipedia/en/thumb/6/6b/Taichung_Metro_logo_plain.svg/150px-Taichung_Metro_logo_plain.svg.png,Taichung Metro
https://upload.wikimedia.org/wikipedia/en/thumb/2/20/Taoyuan_Metro_logo_plain.svg/150px-Taoyuan_Metro_logo_plain.svg.png,Taoyuan Metro
https://upload.wikimedia.org/wikipedia/en/thumb/c/ce/BTSbangkok.svg/120px-BTSbangkok.svg.png,BTS Skytrain
https://upload.wikimedia.org/wikipedia/commons/thumb/1/11/MRT_%28Bangkok%29_logo.svg/135px-MRT_%28Bangkok%29_logo.svg.png,Metropolitan Rapid Transit
https://upload.wikimedia.org/wikipedia/commons/thumb/3/30/Adana_Metro_logo.svg/180px-Adana_Metro_logo.svg.png,Adana Metro
https://upload.wikimedia.org/wikipedia/commons/thumb/a/a1/Ankara_Metro_logo.svg/180px-Ankara_Metro_logo.svg.png,Ankara Metro
https://upload.wikimedia.org/wikipedia/commons/thumb/7/76/BursaRay_logo.svg/180px-BursaRay_logo.svg.png,Bursaray
https://upload.wikimedia.org/wikipedia/commons/thumb/4/4f/Istanbul_Metro_Logo.svg/180px-Istanbul_Metro_Logo.svg.png,Istanbul Metro
https://upload.wikimedia.org/wikipedia/commons/thumb/5/55/Metro_%C4%B0zmir_logo.svg/180px-Metro_%C4%B0zmir_logo.svg.png,Izmir Metro
https://upload.wikimedia.org/wikipedia/commons/thumb/7/7b/Dnipro_Metro_logo.svg/180px-Dnipro_Metro_logo.svg.png,Dnipro Metro
https://upload.wikimedia.org/wikipedia/commons/thumb/3/3f/Kharkiv_Metro_logo.svg/180px-Kharkiv_Metro_logo.svg.png,Kharkiv Metro
https://upload.wikimedia.org/wikipedia/commons/thumb/8/84/Kyiv_Metro_logo_2015.svg/180px-Kyiv_Metro_logo_2015.svg.png,Kyiv Metro
https://upload.wikimedia.org/wikipedia/en/thumb/9/97/Dubai_Metro_Logo.png/330px-Dubai_Metro_Logo.png,Dubai Metro
https://upload.wikimedia.org/wikipedia/commons/thumb/c/ca/Glasgow_Subway.svg/207px-Glasgow_Subway.svg.png,Glasgow Subway
https://upload.wikimedia.org/wikipedia/commons/thumb/4/41/Underground.svg/225px-Underground.svg.png,London Underground
https://upload.wikimedia.org/wikipedia/commons/thumb/2/24/DLR_roundel.svg/225px-DLR_roundel.svg.png,Docklands Light Railway
https://upload.wikimedia.org/wikipedia/commons/thumb/2/24/DLR_roundel.svg/225px-DLR_roundel.svg.png,MARTA
https://upload.wikimedia.org/wikipedia/commons/thumb/c/c6/Baltimore_Metro_SubwayLink_Logo_for_Signage_%28Blue%29.svg/113px-Baltimore_Metro_SubwayLink_Logo_for_Signage_%28Blue%29.svg.png,Baltimore Metro SubwayLink
https://upload.wikimedia.org/wikipedia/commons/thumb/c/c6/Baltimore_Metro_SubwayLink_Logo_for_Signage_%28Blue%29.svg/113px-Baltimore_Metro_SubwayLink_Logo_for_Signage_%28Blue%29.svg.png,MBTA subway
https://upload.wikimedia.org/wikipedia/commons/thumb/c/c6/Baltimore_Metro_SubwayLink_Logo_for_Signage_%28Blue%29.svg/113px-Baltimore_Metro_SubwayLink_Logo_for_Signage_%28Blue%29.svg.png,"Chicago ""L"""
https://upload.wikimedia.org/wikipedia/commons/thumb/c/c6/Baltimore_Metro_SubwayLink_Logo_for_Signage_%28Blue%29.svg/113px-Baltimore_Metro_SubwayLink_Logo_for_Signage_%28Blue%29.svg.png,Red Line (RTA Rapid Transit)
https://upload.wikimedia.org/wikipedia/commons/thumb/c/c6/Baltimore_Metro_SubwayLink_Logo_for_Signage_%28Blue%29.svg/113px-Baltimore_Metro_SubwayLink_Logo_for_Signage_%28Blue%29.svg.png,Skyline
https://upload.wikimedia.org/wikipedia/commons/thumb/c/c6/Baltimore_Metro_SubwayLink_Logo_for_Signage_%28Blue%29.svg/113px-Baltimore_Metro_SubwayLink_Logo_for_Signage_%28Blue%29.svg.png,Metro Rail
https://upload.wikimedia.org/wikipedia/commons/thumb/5/52/MDTMetro.svg/81px-MDTMetro.svg.png,Metrorail
https://upload.wikimedia.org/wikipedia/commons/thumb/7/7a/MTA_New_York_City_Subway_logo.svg/327px-MTA_New_York_City_Subway_logo.svg.png,New York City Subway
https://upload.wikimedia.org/wikipedia/commons/thumb/7/7a/MTA_New_York_City_Subway_logo.svg/327px-MTA_New_York_City_Subway_logo.svg.png,Staten Island Railway
https://upload.wikimedia.org/wikipedia/commons/thumb/7/7a/MTA_New_York_City_Subway_logo.svg/327px-MTA_New_York_City_Subway_logo.svg.png,PATH
https://upload.wikimedia.org/wikipedia/commons/thumb/1/16/SEPTA_Metro_text.svg/450px-SEPTA_Metro_text.svg.png,SEPTA Metro
https://upload.wikimedia.org/wikipedia/en/thumb/1/1a/PATCO_Speedline.svg/150px-PATCO_Speedline.svg.png,PATCO Speedline
https://upload.wikimedia.org/wikipedia/commons/thumb/2/26/Bart-logo.svg/150px-Bart-logo.svg.png,BART
https://upload.wikimedia.org/wikipedia/commons/thumb/c/c6/Baltimore_Metro_SubwayLink_Logo_for_Signage_%28Blue%29.svg/113px-Baltimore_Metro_SubwayLink_Logo_for_Signage_%28Blue%29.svg.png,Washington Metro
https://upload.wikimedia.org/wikipedia/commons/thumb/c/c6/Logo_of_Tren_Urbano_de_San_Juan.svg/150px-Logo_of_Tren_Urbano_de_San_Juan.svg.png,Tren Urbano
https://upload.wikimedia.org/wikipedia/commons/thumb/9/9e/Tashkent_metro_logo.svg/165px-Tashkent_metro_logo.svg.png,Tashkent Metro
https://upload.wikimedia.org/wikipedia/commons/thumb/7/75/Metro_de_Caracas_%28Venezuela%29_logo.svg/225px-Metro_de_Caracas_%28Venezuela%29_logo.svg.png,Caracas Metro
https://upload.wikimedia.org/wikipedia/commons/thumb/7/75/Metro_de_Caracas_%28Venezuela%29_logo.svg/225px-Metro_de_Caracas_%28Venezuela%29_logo.svg.png,Metro Valencia
https://upload.wikimedia.org/wikipedia/en/thumb/3/35/HanoiMetro.svg/225px-HanoiMetro.svg.png,Hanoi Metro
https://upload.wikimedia.org/wikipedia/commons/thumb/7/79/HCMC_Metro_logo.svg/330px-HCMC_Metro_logo.svg.png,HCMC Metro
